investor_id,company_id
Sequoia Capital China,1
SIG Asia Investments,1
Sina Weibo,1
Softbank Group,1
Founders Fund,2
Draper Fisher Jurvetson,2
Rothenberg Ventures,2
Tiger Global Management,3
Sequoia Capital China,3
Shunwei Capital Partners,3
Khosla Ventures,4
LowercaseCapital,4
capitalG,4
Sequoia Capital China,5
Blackbird Ventures,5
Matrix Partners,5
Tiger Global Management,6
Insight Partners,6
DST Global,6
index Ventures,7
DST Global,7
Ribbit Capital,7
Tencent Holdings,8
KKR,8
Smash Ventures,8
Andreessen Horowitz,9
New Enterprise Associates,9
Battery Ventures,9
SoftBank Group,10
Andreessen Horowitz,10
Temasek Holdings,10
Forerunner Ventures,11
Crosslink Capital,11
Homebrew,11
Khosla Ventures,12
GGV Capital,13
ZhenFund,13
Tencent,13
Hillhouse Capital Management,14
Boyu Capital,14
Sequoia Capital China,14
Accel,15
AltaIR Capital,15
Technology Crossover Ventures,15
Tencent Holdings,16
Warbug Pincus,16
IDG Capital,16
Accel Partners,17
Sequoia Capital,17
Benchmark,18
Greylock Partners,18
Tencent Holdings,18
Accel,19
Softbank Group,19
Anthos Capital,19
Sequoia Capital China,20
Longfor Capital,20
Gaorong Capital,20
IDG Capital,21
Venture51,21
Lightspeed Venture Partners,21
Lightspeed Venture Partners,22
Google Ventures,22
Lakestar,22
New Enterprise Associates,23
Spar Capital,23
Index Ventures,23
Andreessen Horowitz,24
Thirty Five Ventures,24
Sound Ventures,24
Accel,25
83North,25
General Catalyst,26
Institutional Venture Partners,26
Breyer Capital,26
Andreessen Horowitz,27
F-Prime Capital,27
Venrock,27
Khosla Ventures,28
Forerunner Ventures,28
Sequoia Capital,28
DST Global,29
Ribbit Capital,29
Greenoaks Capital Management,29
Tiger Global Management,30
Coatue Management,31
Sequoia Capital China,31
IDG Capital,31
Vickers Venture Partners,32
IKEA GreenTech,32
New Enterprise Associates,33
BDT Capital Partners,33
Davidson Kempner Capital Management,33
KKR,34
Tencent Holdings,34
Sequoia Capital China,34
Andreessen Horowitz,35
Spark Capital,35
Y Combinator,35
Caffeinated Capital,36
CRV,36
Founder Collective,36
Tencent Holdings,37
Lightspeed India Partners,37
Sequoia Capital India,37
LTW Capital,38
Legend Capital,38
Qualcomm Ventures,38
Initialized Capital,39
Y Combinator,39
Kleiner Perkins Caufield & Byers,39
Aviation Industry Corporation of China,40
Essence Financial,40
Jiangsu Sha Steel Group,40
Activant Capital,41
Tribe Capital,41
General Atlantic,41
DFJ Growth Fund,42
Coatue Management,42
Addition,42
Khosla Ventures,43
Kleiner Perkins Caufield & Byers,43
Collaborative Fund,43
MindWorks Ventures,44
Shunwei Capital Partners,44
Xiang He Capital,44
Insight Partners,45
Sequoia Capital,45
Index Ventures,45
General Catalyst Partners,46
Google Ventures,46
Kleiner Perkins Caufield & Byers,46
Sequoia Capital China,47
GX Capital,47
Y Combinator,48
Sequoia Capital,48
Coatue Management,48
DJF,49
Salesforce Ventures,49
Storm Ventures,49
Index Ventures,50
Draft Ventures,50
Felicis Ventures,50
Upper90,51
RiverPark Ventures,51
Advent International,51
Ribbit Capital,52
capitalG,52
Softbank Group,52
IDG Capital,53
Matrix Partners China,53
Jump Crypto,53
Bessemer Venture Partners,54
ICONIQ Capital,54
Battery Ventures,54
Sequoia Capital China,55
Tencent Investment,55
BA Capital,55
Redalpine Venture Partners,56
Earlybird Venture Capital,56
Valar Ventures,56
Summit Partners,57
Accel,57
Astral Capital,57
Andreessen Horowitz,58
Lightspeed Venture Partners,58
Zeev Ventures,58
Vattenfall,59
Volkswagen Group,59
Goldman Sachs,59
Andreessen Horowitz,60
Nor-Cal Invest,60
TPG Growth,60
Nintendo,61
Google,61
Pokemon Company International,61
Spark Capital,61
SoftBank Group,62
Sequoia Capital India,62
Lightspeed India Partners,62
Tiger Global Management,63
Sequoia Capital,63
Revo Capital,63
Target Global,64
General Catalyst,64
Durable Capital Partners,64
DST Global,65
SoftBank Group,65
Mountain Nazca,65
SoftBank Group,66
Greylock Partners,66
Gaorong Capital,66
Addition,67
Benhcmark,67
Accel,67
Sequoia Capital China,68
IDG Capital,68
DCM Ventures,68
Global Founders Capital,69
Nortzone Ventures,69
Picus Capital,69
Andreessen Horowitz,70
Founders Fund,70
Revolution Ventures,70
American Express Ventures,71
Goldman Sachs,71
Bain Capital Credit,71
Didi Chuxing,72
Diamler,72
TMT Investments,72
Sutter Hill Ventures,73
Liberty Global Ventures,73
Coatue Management,73
01 Advisors,74
Zeev Ventures,74
Group 11,74
New Enterprise Associates,75
T. Rowe Associates,75
Lightbank,75
D1 Capital Partners,76
Stripe,76
Coatue Management,76
Accel India,77
SAIF Partners,77
Norwest Venture Partners,77
Kaalari Capital,78
Tencent Holdings,78
Steadview Capital,78
Tenaya Capital,79
Coatue Management,79
Stripes Group,79
Bloomberg Beta,80
Founders Fund,80
First Round Capital,80
Tiger Global Management,81
American Express Ventures,81
B Capital Group,81
Sixth Street Partners,82
OrbiMed Advisors,82
Highland Capital Management,82
Union Square Ventures,83
Venrock,83
Andreessen Horowitz,83
Accel,84
Northzone Ventures,84
Institutional Venture Partners,84
Lightspeed Venture Partners,85
Social Capital,85
Accel,85
Sequoia Capital India,86
Tiger Global Management,86
Matrix Partners India,86
Insight Venture Partners,87
Lowercase Capital,87
Polaris Partners,87
Menlo Ventures,88
Spark Capital,88
Union Square Ventures,88
BOLDstart Ventures,89
Google Ventures,89
Accel,89
Accel,90
Y Combinator,90
Index Ventures,90
Norwest Venture Partners,91
Next World Capital,91
Wing Venture Capital,91
Morgan Creek Digital,92
Marcy Venture Partners,92
10T Fund,92
Bessemer Venture Partners,93
Qualcomm Ventures,93
Kleiner Perkins Caufield & Byers,93
Tencent,94
Morningside Group,94
Initialized Capital,95
General Catalyst,95
SignalFire,95
Third Point,96
Electric Capital,96
Coinbase Ventures,96
General Atlantic,97
Goldman Sachs,97
New Enterprise Associates,97
Slack Fund,98
Accel,98
Skip Capital,98
Institutional Venture Partners,99
Sequoia Capital,99
General Atlantic,99
Sequoia Capital China,100
Warburg Pincus,100
General Catalyst,100
IDG Capital,101
Bank Of China Group Investment,101
SDIC CMC Investment Management,101
TA Associates,102
SoftBank Group,102
GS Growth,102
Technology Crossover Ventures,103
Accel Partners,104
SoftBank Group,104
Sequoia Capital,104
BPI France,105
Kerala Ventures,105
Accel,105
Tiger Global Management,106
DST Global,106
Sequoia Capital India,106
New Enterprise Associates,107
Accomplice,107
IA Ventures,107
Union Square Ventures,108
Ribbit Capital,108
VY Capital,108
Atomico,109
Insight Partners,109
Coatue Management,109
Barter Ventures,110
Thrive Capital,111
Benchmark,111
MenloVentures,111
Warmsun Holding,112
IDG Capital Partners,112
Pine Brook,113
American Express Ventures,113
Kleiner Perkins Caufield & Byers,113
BlackRock,114
Blackstone,114
UBS,114
Venrock,115
Battery Ventures,115
Insight Partners,115
NextView Ventures,116
Eniac Ventures,116
Sequoia Capital,116
Alibaba Group,117
Boyu Capital,117
Borui Capital,117
Tencent,118
Baidu,118
Huasheng Capital,118
Technology Crossover Ventures,119
A&E Television Networks,119
Thrive Capital,120
Maverick Ventures,120
Redpoint Ventures,120
Battery Ventures,121
Storm Ventures,121
Redpoint Ventures,121
Aglae Ventures,122
Eurazeo,122
Daphni,122
Blackstone,123
Technology Crossover Ventures,123
Summit Partners,123
VY Capital,124
8VC,124
Craft Ventures,124
Nexus Venture Partners,125
CRV,125
Insight Partners,125
Matrix Partners,126
Andreessen Horowitz,126
General Catalyst,126
Highland Europe,127
Eurazeo,127
Canaan Partners,127
Founders Fund,128
Accel,128
Creandum,128
DST Global,129
Andreessen Horowitz,129
Sequoia Capital,129
Redpoint e.ventures,129
Index Ventures,130
Battery Ventures,130
ICONIQ Capital,130
Insight Partners,131
Kaszek Ventures,132
General Atlantic,132
SoftBank Group,132
Credit Suisse,133
Mubadala Capital,134
BOND,134
Prosus Ventures,134
Ant Financial Services Group,135
GGV Capital,135
DST Global,136
Sequoia Capital China,136
Tencent Holdings,136
Runa Capital,137
Acton Capital Partners,137
Point Nine Capital,137
Hillhouse Capital Management,138
Linear Venture,138
Morningside Venture Capital,138
General Atlantic,139
3i Group,139
Huagai Capital,139
Walden International,140
Google Ventures,140
Intel Capital,140
Accel,141
Technology Crossover Ventures,141
LeapFrog Investments,141
Clermont Group,142
Coltrane Asset Management,142
Toscafund Asset Management,142
Insight Partners,143
Andalusian Capital Partners,143
Matrix Partners India,144
Falcon Edge Capital,144
SoftBank Group,144
Google Ventures,145
Benchmark,145
FirstMark Capital,145
Sequoia Capital India,146
Temasek,146
PayPal Ventures,146
Alven Capital,147
Valar Ventures,147
Tencent Holdings,147
SoftBank Group,148
Tiger Global Management,148
Matrix Partners India,148
Eight Roads Ventures,149
Greycroft,149
Ignition Partners,149
Capital One Growth Ventures,150
Citi Ventures,150
OMERS Ventures,150
Falcon Edge Capital,151
Omidyar Network,151
Sequoia Capital India,151
India Quotient,152
Elevation Capital,152
Lightspeed Venture Partners,152
Two Sigma Ventures,153
Flint Capital,153
Commerce Ventures,153
Lightspeed Venture Partners,154
Lead Edge Capital,154
Coatue Management,154
Venture Highway,155
Sequoia Capital India,155
Prosus Ventures,155
Oak HC/FT Partners,156
Artis Ventures,156
WestCap Group,156
Kaszek Ventures,157
Amadeus Capital Partners,157
Quona Capital,157
Sierra Ventures,158
Battery Ventures,158
Asset Management Ventures,158
China Grand Prosperity Investment,159
Silk Road Huacheng,159
Oriza Equity Investment,159
Threshold Ventures,160
Lightspeed Venture Partners,160
Crosslink Capital,160
Creandum,161
Founders,161
Kinnevik,161
Advent International,162
General Catalyst,162
Insight Partners,162
Greylock Partners,163
Venrock,163
Providence Ventures,163
Y Combinator,164
Accel,164
T. Rowe Price,164
General Catalyst,165
Viking Global Investors,165
T. Rowe Price,165
Ontario Teachers' Pension Plan,166
Goldman Sachs,166
Accel,167
Insight Partners,167
Burda Principal Investments,167
Sequoia Capital China,168
Tencent Holdings,168
Sinovation Ventures,168
Two Sigma Ventures,169
Flint Capital,169
Commerce Ventures,169
Passion Capital,170
Thrive Capital,170
Orange Digital Ventures,170
CDH Investments,171
Goldstone Investments,171
Qiming Venture Partners,171
Salesforce Ventures,172
Seedcamp,172
OMERS Ventures,172
Chiratae Ventures,173
PremjiInvest,173
Softbank,173
Google,174
Mayfield Fund,175
M12,175
Trinity Ventures,175
Atop Capital,176
IDInvest Partners,176
Qiming Venture Partners,176
General Atlantic,177
Blackstone,177
ICONIQ Growth,177
Lightspeed Venture Partners,178
Redpoint Ventures,178
Viking Global Investors,178
KKR,179
ES Ventures,179
North Bridge Growth Equity,179
Benchmark,180
Accel,180
SoftBank Group,180
Playground Global,181
BOND,181
Tribe Capital,181
Sequoia Capital China,182
Qiming Venture Partners,182
Tencent Holdings,182
Lightspeed Venture Partners,183
Khosla Ventures,183
Geodesic Capital,183
Vista Equity Partners,184
Wincove,184
TDR Capital,184
Andreessen Horowitz,185
Amplify Partners,185
Sequoia Capital,185
Sequoia Capital,186
Venrock,187
Institutional Venture Partners,187
Goldman Sachs,187
Speedinvest,188
Valar Ventures,188
Uniqa Ventures,188
Goodwater Capital,189
iFly,189
XVC Venture Capital,189
RedBird Capital Partners,190
CJ ENM,190
Tencent Holdings,190
New Enterprise Associates,191
Sequoia Capital,191
Comcast Ventures,191
Formation 8,192
Ant Financial Services Group,193
Russia-China Investment Fund,193
Foxconn Technology Company,193
SoftBank Group,194
General Atlantic,194
Khosla Ventures,195
Horizons Ventures,195
Temasek Holdings,195
New Enterprise Associates,196
Starr Investment Holdings,196
Zeev Ventures,197
Ribbit Capital,197
TLV Partners,197
Index Ventures,198
Thrive Capital,198
CRV,198
Dragoneer Investment Group,199
Hellman & Friedman,199
JMI Equity,199
Sequoia Capital,200
Bessemer Venture Partners,200
Threshold Ventures,200
Andreessen Horowitz,201
TQ Ventures,201
Accel,202
Insight Partners,202
Bond Capital,202
Drive Capital,203
General Catalyst,203
Ascension Ventures,203
Greylock Partners,204
Lightspeed Venture Partners,204
Khosla Ventures,204
Accel,205
Aleph,205
American Express Ventures,205
SoftBank Group,206
Norwest Venture Partners,206
Georgian Partners,207
Craft Ventures,207
Benchmark,208
Foundation Capital,208
Sequoia Capital,208
Blackrock,209
Kleiner Perkins Caulfield & Byers,209
Google Ventures,209
New Enterprise Associates,210
Pear,210
Cowboy Ventures,210
Fifth Wall Ventures,211
Energize Ventures,211
ICONIQ Capital,211
Accel,212
Silversmith Capital Partners,212
capitalG,212
Andreessen Horowitz,213
Thrive Capital,213
Sound Ventures,213
Fairfax Financial Holdings,214
A91 Partners,214
TVS Capital,214
Greylock Partners,215
Insight Partners,215
Menlo Ventures,215
China Health Industry Investment Fund,216
China Renaissance,216
Sequoia Capital China,216
New Enterprise Associates,217
New Leaf Venture Partners,217
Charter Venture Capital,217
Google Ventures,218
Battery Ventures,218
DST Global,218
Y Combinator,219
Atomico,219
Accel,219
Greylock Partners,220
capitalG,220
Y Combinator,220
Blackstone,221
ICONIQ Growth,221
General Atlantic,221
Casa Verde Capital,222
Gron Ventures,222
Thrity Five Ventures,222
SoftBank Group,223
Sequoia Capital,223
Wing Venture Capital,223
Alven Capital,224
FirstMark Capital,224
capitalG,224
Norwest Venture Partners,225
Goldman Sachs,225
Dell Technologies Capital,225
Upfront Ventures,226
Webb Investment Network,226
D1 Capital Partners,226
Qualcomm Ventures,227
Samsung Ventures,227
Silver Lake,227
Breakthrough Energy Ventures,228
Capricorn Investment Group,228
Valor Equity Partners,228
Bessemer Venture Partners,229
Insight Partners,229
New Era Ventures,229
Hillhouse Capital Management,230
SoftBank Group,230
Qiming Venture Partners,230
Menlo Ventures,231
Alkeon Capital Management,231
Citi Ventures,231
Y Combinator,232
Andreessen Horowitz,232
Wonder Ventures,232
01 Advisors,233
Kleiner Perkins Caufield & Byers,233
Andreessen Horowitz,233
Silver Lake,234
ICONIQ Capital,234
NextView Ventures,235
Promus Ventures,235
Two Sigma Ventures,235
Andreessen Horowitz,236
Lux Capital,236
General Catalyst,236
NewView Capital,237
Maveron,237
Ridge Ventures,237
Dragoneer Investment Group,238
DST Global,238
Franklin Templeton,238
EQT Partners,239
Activant Capital Group,240
Alaska Permanent Fund,240
Baillie Gifford & Co.,240
Kuang-Chi,241
First Round Capital,242
Sequoia Capital,242
Index Ventures,242
General Catalyst,243
HCA Healthcare,243
Elaia Partners,244
83North,244
Felix Capital,244
Airbus Ventures,245
Index Ventures,245
Advent International,245
WestCap Group,246
Caisse de depot et placement du Quebec,246
DN Capital,247
Left Lane Capital,247
Coatue Management,247
Madrona Venture Group,248
Shasta Ventures,248
Salesforce Ventures,248
Kleiner Perkins Caufield & Byers,249
Lightspeed Venture Partners,249
True Ventures,249
Insight Partners,250
Tiger Global Management,250
Accel,250
Matrix Partners,251
Initialized Capital,251
Tiger Global Management,251
Mithril Capital Management,252
Y Combinator,252
Capricorn Investment Group,252
Goldman Sachs,253
VebVentures,253
Insight Partners,253
Blume Ventures,254
Nexus Venture Partners,254
Sequoia Capital India,254
Summit Partners,255
Noshaq,255
Sofinnova Partners,255
New Enterprise Associates,256
Coatue Management,256
Tiger Global Management,256
Tiger Global Management,257
Kalaari Capital,257
Andreessen Horowitz,258
SoftBank Group,258
Temasek Holdings,258
China Environmental Protection Industry,259
China Fortune Ocean,259
Insight Partners,260
Salesforce Ventures,260
Vertex Ventures,260
Index Ventures,261
Coatue Management,261
Andreessen Horowitz,261
Bessemer Venture Partners,262
Sutter Hill Ventures,262
Matrix Partners,262
Greycroft,263
Sands Capital,263
Revolution Growth,263
Andreessen Horowitz,264
IA Ventures,264
Felicis Ventures,264
Sequoia Capital China,265
DST Global,265
DST Global,265
Moore Strategic Ventures,266
DST Global,266
Sequoia Capital India,266
BOLDstart Ventures,267
Lerer Hippeau,267
Kenetic Capital,267
Alibaba Pictures Group,268
Institutional Venture Partners,269
Atomico,269
Earlybird Venture Capital,269
Intel Capital,270
Sutter Hill Ventures,270
VentureTech,270
Tiger Global,271
Sequoia Capital,271
Google Capital,271
Thrive Capital,272
Founders Fund,272
Cocnord Health Partners,272
Sequoia Capital India,273
Softbank,273
Bertelsmann India Investments,273
AME Cloud Ventures,274
Future Perfect Ventures,274
Blockchain Capital,274
M12,275
WestBridge Capital,275
Lightspeed Venture Partners,275
Accel,276
Sequoia Capital,276
Y Combinator,276
Thrive Capital,277
Alliance Consumer Growth,277
Imaginary Ventures,277
The Column Group,278
Foresite Capital,278
Foresite Capital,278
Sequoia Capital,279
next47,280
First Round Capital,280
Sequoia Capital,280
Playground Global,281
M12,281
BlackRock,281
DST Global,282
Lightspeed Venture Partners,282
Microsoft ScaleUp,282
Susquehanna Growth Equity,283
Citi Ventures,283
ICONIQ Capital,283
Kaszek Ventures,284
Qualcomm Ventures,284
Accel,284
Sequoia Capital China,285
Sina Weibo,285
Kleiner Perkins Caufield & Byers,285
Redpoint Ventures,285
Global Founders Capital,286
East Ventures,286
Expedia Inc.,286
Morningside Ventures,287
Warburg Pincus,287
CreditEase Fintech Investment Fund,287
CPP Investment Board,288
General Catalyst,289
Digital Currency Group,289
Accel,289
Sequoia Capital China,290
Xiang He Capital,290
GGV Capital,290
Holtzbrinck Ventures,291
Unternehmertum Venture Capital,291
General Atlantic,291
Benchmark,292
Bessemer Venture Partners,292
Artiman Ventures,293
Plug and Play Ventures,293
Anthos Capital,293
Sequoia Capital Israel,294
Scale Venture Partners,294
Commerce Ventures,294
ICONIQ Capital,295
OpenView Venture Partners,295
ConsenSys Ventures,296
Valar Ventures,296
PUC,296
Silversmith Capital Partners,297
Susquehanna Growth Equity,297
Tiger Global Management,297
Cambridge Innovation Capital,298
LGT Capital Partners,298
Escala Capital,298
Spectrum Equity,299
ICONIQ Capital,299
Grayhawk Capital,299
Iconiq Capital,300
Brookfield Asset Management,301
Blackstone,301
Data Collective,301
Balderton Capital,302
General Catalyst,302
Tiger Global Management,302
Uncork Capital,303
Threshold Ventures,303
Bloomberg Beta,303
Jackson Square Ventures,304
General Atlantic,304
Lightspeed Venture Partners,304
Fabric Ventures,305
500 Global,305
Standard Crypto,305
Uniion Square Ventures,306
Tiger Global Management,306
Lightspeed Venture Capital,306
Tiger Global Management,307
Insight Partners,307
Jump Capital,307
Tiger Global Management,308
Sequoia Capital India,308
Ribbit Capital,308
Accel,309
Summit Partners,309
Google Ventures,309
83North,310
RiverPark Ventures,310
Pitango Venture Capital,310
Andreessen Horowitz,311
Blockchain Capital,311
Lux Capital,311
Coatue Management,312
BMO Capital,312
Schonfeld Strategic Advisors,312
Khosla Ventures,313
Thrive Capital,313
Y Combinator,313
Green Visor Capital,314
CRE Venture Capital,314
Greycroft,314
Tiger Global Management,315
Tiger Brokers,315
DCM Ventures,315
Battery Ventures,316
Andreessen Horowitz,316
Ribbit Capital,316
Index Ventures,317
Sequoia Capital,317
General Catalyst,317
New Enterprise Associates,318
Accel,318
BOND,318
Bnk To The Future,319
Trammell Ventures,319
SBI Investment,319
Founders Fund,320
Quantum Energy Partners,320
Bedrock Capital,320
Monashees+,321
Andreessen Horowitz,321
QED Investors,321
Insight Partners,322
Sequoia Capital India,322
BEENEXT,322
IDG Capital,323
Puluo Capital,323
Midea Capital,323
Point72 Ventures,324
Route 66 Ventures,324
Accel,324
Index Ventures,325
Temasek,325
Portag3 Ventures,325
Tiger Global Management,326
Blue Lake Capital,326
ZhenFund,326
Sequoia Capital,327
Baillie Gifford & Co.,327
Google Ventures,327
MidOcean Partners,328
Dell Technologies Capital,329
Pitango Venture Capital,329
Amadeus Capital Partners,329
Data Collective,330
Formation 8,330
General Catalyst Partners,330
Institutional Venture Partners,331
New Enterprise Associates,331
Javelin Venture Partners,331
Makers Fund,332
Index Ventures,332
Inova Ventures Participacees,332
General Atlantic,333
Insight Partners,333
Vintage Investment Partners,333
HD Capital,334
Qihoo 360 Technology,334
China Fortune Land Development,334
Notion Capital,335
Scentan Ventures,335
Kite Ventures,335
Goldman Sachs Asset Management,336
Forest Partners,337
Softbank Ventures Asia,337
KKR,338
British Patient Capital,339
SEB Venture Capital,339
IQ Capital,339
JTC Group,340
Qatar Investment Authority,340
Fidelity Investment,340
Motive Partners,341
General Atlantic,342
Piton Capital,342
Partech Partners,342
Redpoint Ventures,343
Goldcrest Capital,343
Insight Partners,343
Contour Venture Partners,344
Battery Ventures,344
Core Capital Partners,344
Insight Partners,345
Jackson Square Ventures,345
Liberty Gloval Ventures,345
Jungle Ventures,346
Accel,346
Venture Highway,346
Vertex Ventures Israel,347
Bessemer Venture Partners,347
Emerge,347
JD.com,348
Baidu,348
Vision Plus Capital,348
Foundry Group,349
General Atlantic,349
BlackRock,349
Big Bets,350
General Atlantic,350
SOFTBANK Latin America Ventures,350
Forerunner Ventures,351
Lifeline Ventures,351
MSD Capital,351
Khosla Ventures,352
Horizons Ventures,352
Founders Fund,352
Institutional Venture Partners,353
CRV,353
Sequoia Capital,353
BMW i Ventures,354
BHP Ventures,354
Rhone Capital,355
FAW Group,356
Tencent Holdings,356
Tus Holdings,356
Coatue Managemeny,357
Trinity Ventures,357
Matrix Partners,357
Accel,358
Tiger Global Management,358
Nexus Venture Partners,358
Warburg Pincus,359
The Rise Fund,359
HarbourVest Partners,359
Aspect Ventures,360
SingTel Innov8,360
Greylock Partners,360
Warburg Pincus,361
General Catalyst,361
CRV,362
Accel,362
Google Ventures,362
Accel,363
Bain Capital Ventures,363
Insight Partners,363
Sequoia Capital India,364
Kae Capital,364
Accel,364
Chiratae Ventures,365
March Capital Partners,365
National Grid Partners,365
The Blue Venture Fund,366
Flare Capital Partners,366
Longitude Capital,366
Fabric Ventures,367
AirTree Ventures,367
Temasek,367
Stripes Group,368
Neuberger Berman,368
Sutter Hill Ventures,369
Osage University Partners,369
Spark Capital,369
Tiger Global Management,370
The Raine Group,370
Malabar Investments,370
Greycroft,371
Loeb.NYC,371
DST Global,371
GIC. Apis Partners,372
Insight Partners,372
Bessemer Venture Partners,373
Pitango Venture Capital,373
D1 Capital Partners,373
Bessemer Venture Partners,374
Eight Roads Ventures,374
Battery Ventures,374
Soros Fund Management,375
Ribbit Capital,375
Monashees+,375
Sequoia Capital India,376
RTP Global,376
Go-Ventures,376
SoftBank Group,377
CRV,377
Spark Capital,377
Shunwei Capital Partners,378
China Media Group,378
Guangzhou Huiyin Aofeng Equity Investment Fund,378
Shunwei Capital Partners,379
China Media Group,379
Guangzhou Huiyin Aofeng Equity Investment Fund,379
Romulus Capital,380
Insight Partners,380
RedBird Capital Partners,380
Google Ventures,381
Sequoia Capital,381
Wakefield Group,381
Square Peg Capital,382
TDM Growth Partners,382
Tiger Global Management,382
Info Edge,383
Softbank Capital,383
Liberty City Ventures,384
RRE Ventures,384
Mithril Capital Management,384
Norwest Venture Partners,385
Aspect Ventures,385
Lightspeed Venture Partners,385
Menlo Ventures,386
GGV Capital,386
Flybridge Capital Partners,386
T. Rowe Price,387
Dragoneer Investment Group,387
BlackRock,387
T. Rowe Price,388
Lockheed Martin Ventures,388
Fidelity Investment,388
Norwest Venture Partners,389
Hillsven Capital,389
Aleph,389
The Rise Fund,390
Fidelity Investments,390
RedBird Capital Partners,390
Emergence Capital,391
8VC,391
Chicago Ventures,391
Andreessen Horowitz,392
Data Collective,392
Roche Venture Fund,392
Octopus Ventures,393
Munich Re Ventures,393
CommerzVentures,393
Kibo Ventures,394
SoftBank Group,394
Atomico,394
IMM Investment,395
NXC,395
V FUND,396
IDG Capital,396
Green Pine Capital Partners,396
Tencent Holdings,397
Goldman Sachs,397
Andreessen Horowitz,398
Homebrew,398
Point72 Ventures,398
Revolution,399
New Enterprise Associates,399
Caterpillar,399
Google Ventures,400
Index Ventures,400
Scale Venture Partners,400
Relay Ventures,401
TTV Capital,401
Canapi Ventures,401
Temasek,402
Google Ventures,402
General Catalyst,402
Goodwater Capital,403
Warburg Pincus,403
GS Growth,403
Softbank Group,404
AME Cloud Ventures,404
SignalFire,404
Accel,405
Alven Capital,405
Storm Ventures,405
Knox Lane,406
Ainge Advisory,406
Carlson Private Capital Partners,406
Founders Fund,407
Meritech Capital Partners,407
GS Growth,407
General Atlantic,408
Andreessen Horowitz,409
Andreessen Horowitz,409
Institutional Venture Partners,409
Accel,409
Sequoia Capital,410
Expa,411
QED Investors,411
Foundation Capital,411
Pantera Capital,412
QED Investors,412
Coinbase Ventures,412
General Atlantic,413
SoftBank Group,413
Atomico,413
Andreessen Horowitz,414
Google Ventures,414
Section 32,414
Eastern Bell Capital 32,415
SDIC CMC Investment Management,415
Trustbridge Partners,415
Bain Capital Ventures,416
Sixth Street Growth,416
Lightspeed Venture Partners,416
General Atlantic,417
Breakthrough Energy Ventures,417
Viking Global Investors,417
Zhangjiang Haocheng Venture Capital,418
Walden International,418
Intel Capital,418
Deer Park Road,419
Altamont Capital Partners,419
Eldridge,419
Sequoia Capital China,420
Banyan Capital,420
8VC,421
D1 Capital Partners,421
Sway Ventures,421
8VC,422
Menlo Ventures,422
Tiger Global Management,422
Eight Roads Ventures,423
One Peak Partners,423
Creandum,423
Plug and Play Ventures,424
Valor Capital Group,424
DST Global,424
Polychain Capital,425
Coinbase Ventures,425
Jump Capital,425
SoftBank Group,426
SAIF Partners India,426
Valiant Capital Partners,426
Foundation Capital,427
Institutional Venture Partners,427
General Catalyst,427
VY Capital,428
Accel,428
Elevation Capital,428
ICONIQ Growth,429
Bain Capital Ventures,429
Summit Partners,429
Lightspeed Venture Partners,430
Sapphire Ventures,430
Kleiner Perkins Caufield & Byers,430
GSR Ventures,431
Sapphire Ventures,431
Streamlined Ventures,431
Accel,432
Passion Capital,432
Balderton Capital,432
Venrock,433
CVF Capital Partners,433
ARCH Venture Partners,433
Cherry Ventures,434
Northzone Ventures,434
Global Founders Capital,434
Tencent Holdings,435
CRV,435
Clocktower Technology Ventures,435
Breyer Capital,436
Hedosophia,436
Dragonfly Capital,437
BAI Capital,437
10T Fund,437
L Capital Partners,438
GGV Capital,439
BlackRock,439
ACE & Company,439
Y Combinator,440
M12,440
SEEK,440
Cowboy Ventures,441
Leaders Fund,441
GGV Capital,441
Andreessen Horowitz,442
Coinbase Ventures,442
Circle Ventures,442
RRE Ventures,443
Tiger Global,443
August Capital,443
Sequoia Capital China,444
Matrix Partners China,444
58.com,444
Accel Partners,445
Index Ventures,445
Insight Venture Partners,445
Zheshang Venture Capital,446
GP Capital,446
Western Capital Management,446
Y Combinator,447
Matrix Partners,447
Benchmark,447
Toyota Motor Corporation,448
Mizuho Financial Group,448
FANUC,448
Pitango Venture Capital,449
DFJ Growth Fund,449
Foundry Group,449
Sequoia Capital China,450
China Construction Bank,450
Bank of China,450
Insight Venture Partners,451
TPG Growth,451
Sound Ventures,451
Insight Partners,452
TPG Alternative & Renewable Technologies,452
Ireland Strategic Investment Fund,452
Qiming Venture Partners,453
Capital Today,453
General Atlantic,453
Nexus Venture Partners,454
Tenaya Capital,454
Sequoia Capital,454
GGV Capital,455
IDG Capital,455
Linear Venture,455
Magma Venture Partners,456
Pitango Venture Capital,456
Qumra Capital,456
Bertelsmann Asia Investments,457
GGV Capital,457
Morningside Venture Capital,457
Viola Ventures,458
Dell Technologies Capital,458
Bain Capital Ventures,458
Matrix Partners China,459
Eastern Bell Capital,459
Hongtai Capital Holdings,459
Blackrock,460
capitalG,460
World Lab Innovation,460
Caffeinated Capital,461
Obvious Ventures,461
Venrock,461
Blackstone,462
Jerusalem Venture Partners,463
Israel Growth Partners,463
Insight Partners,463
Tiantu Capital,464
CMB International Capital,464
Vision Knight Capital,464
Highland Capital Partners,465
Oak HC/FT Partners,465
Emergence Capital,465
Tomales Bay Capital,466
Bain & Company,466
General Catalyst,466
Index Ventures,467
Creandum,467
Accel,467
Meritech Capital Partners,468
Tiger Global Management,468
Spectrum Equity,468
Sequoia Capital,469
Google Ventures,469
Accel,469
Accel,470
frst,470
Kima Ventures,470
Matrix Partners China,471
Sequoia Capital China,471
Genesis Capital,471
next47,472
MaC Venture Capital,472
FinVC,472
CRV,473
Blue Cloud Ventures,473
Index Ventures,473
Undisclosed,474
Alta Ventures Mexico,475
General Atlantic,475
SoftBank Group,475
Qualcomm Ventures,476
SoftBank Group,476
Monashees+,476
Insight Partners,477
Tiger Global Management,477
Gradient Ventures,477
A&NN,478
Rusnano,478
Tencent Holdings,479
5Y Capital,479
Sequoia Capital China,479
Andreessen Horowitz,480
Caffeinated Capital,480
SciFi VC,480
Upfront Ventures,481
Tao Capital Partners,481
Andreessen Horowitz,481
Sequoia Capital China,482
Source Code Capital,482
Redpoint Ventures China,482
Ignition Partners,483
Formation 8,483
CRV,483
Japan Post Capital,484
Globis Capital Partners,484
Atomico,484
Accel,485
D1 Capita Partners,485
Greenoaks Capital Management,485
Rethink Impact,486
Work-Bench,486
RRE Ventures,486
Northern Light Venture Capital,487
Xiaomi,487
FutureX Capital,487
Vision Plus Capital,488
GSR Ventures,488
ZhenFund,488
Benchmark,489
Altimeter Capital,489
Quiet Capital,489
Obvious Ventures,490
Qualcomm Ventures,490
Andreessen Horowitz,490
Northzone Ventures,491
White Star Capital,491
Novator Partners,491
Lightspeed Venture Partners,492
Almaz Capital Partners,492
Altimeter Capital,492
K9 Ventures,493
Menlo Ventures,493
Andreessen Horowitz,493
Gauss Ventures,494
Ventura Capital,494
dmg ventures,494
ClalTech,495
Vertex Ventures,495
Oryzn Capital,495
Sequoia Capital,496
Paradigm,496
Pantera Capital,496
Andreessen Horowitz,497
Kleiner Perkins Caufield & Byers,497
EQT Ventures,497
Khosla Ventures,498
Green Innovations,498
Founders Fund,498
SoftBank Group,499
Maverick Capital,499
Hopu Investment Management,500
Boyu Capital,500
DC Thomson Ventures,500
Breega Capital,501
Iris Capital,501
360 Capital Partners,501
Lightspeed Venture Partners,502
Redpoint Ventures,502
Norwest Venture Partners,502
DCM Ventures,503
IDG Capital,503
Siam Commercial Bank,503
Blackstone,504
Bessemer Venture Partners,504
SEED Capital,505
Greyhound Capital,505
Socii Capital,505
Qualcomm Ventures,506
Accel,506
Canaan Partners,506
Matrix Partners,507
North Bridge Venture Partners,507
Venrock,507
Tiger Global Management,508
Lightspeed Venture Partners,508
Hillhouse Capital Management,508
Sequoia Capital China,509
IDG Capital,509
Qiming Venture Partners,509
Betaworks Ventures,510
Addition,510
Lux Capital,510
Insight Partners,511
Kibo Ventures,511
Bessemer Venture Partners,511
Health Velocity Capital,512
Porsche,513
InvestIndustrial,513
SoftBank Group,513
Volcanics Ventures,514
Vertex Ventures China,514
Warburg Pincus,514
Quiet Ventures,515
ETFS Capital,515
Collab+Currency,515
Fifty Years Fund,516
Refactor Capital,516
Temasek,516
Black Pearl Ventures,517
Stonebridge Ventures,517
Yuanta Investment Korea,517
Global Founders Capital,518
Aglae Ventures,518
Alven Capital,518
FirstMark Capital,519
Tiger Global Management,519
ICONIQ Capital,519
K2VC,520
Lightspeed China Partners,520
Sky9 Capital,520
Point72 Ventures,521
Pelion Venture Partners,521
Commerce Ventures,521
Tiger Global Management,522
Sequoia Capital India,522
Ribbit Capital,522
e.ventures,523
Bain Capital Ventures,523
Greycroft,523
Accel,524
14W,524
GS Growth,524
Khosla Ventures,525
Bain Capital Ventures,525
Lightspeed Venture Partners,525
Benchmark,526
Sequoia Capital,526
TPG Capital,526
Sixth Street Partners,527
Declaration Partners,527
Maverick Ventures Israel,527
Bain Capital Ventures,528
SoftBank Group,528
Fifth Wall Ventures,528
btov Partners,529
Geely,529
Intel Capital,529
Automobile Industry Guidance Fund,530
Salesforce Ventures,531
ATP Investment,531
kt investment,531
The Carlyle Group,532
CVC Capital Partners,532
Founders Fund,533
Khosla Ventures,533
Goldman Sachs,533
OKX Ventures,534
Sequoia Capital China,534
IOSG,534
Fashion Tech Lab,535
Fidelity Investments,535
Vast Ventures,535
Google Ventures,536
Kleiner Perkins Caufield & Byers,536
Stripes Group,536
Viola Ventures,537
Insight Partners,537
ClalTech,537
Goldman Sachs,537
SOSV,538
Khosla Ventures,538
Lerer Hippeau,538
RRE Ventures,539
Google Ventures,539
Bramalea Partners,539
Gunosy Capital,540
Blume Ventures,540
Das Capital,540
Future Ventures,541
Apeiron Investment Group,541
Moore Capital Management,541
Jiangsu Sha Steel Group,542
Shanghai Puyin Industry,542
Funa Yuanchuang Technology,542
Blumberg Capital,543
American Express Ventures,543
BDC Capital,543
General Catalyst,544
Eleation Capital,544
Avenir Growth Capital,544
Bain Capital Ventures,545
Founders Fund,545
Winklevoss Capital,545
YL Ventures,546
Redpoint Ventures,546
GGV Capital,546
Redpoint Ventures,547
QiMing Venture Partners,547
Chengwei Capital,547
Viking Global Investors,548
GS Growth,548
BlackRock,548
Thrive Capital,549
Tiger Global Management,549
Temasek,549
Tao Capital Partners,550
Global Asset Capital,550
Tiger Global Management,550
Alta Partners,551
Questa Capital,551
Echo Health Ventures,551
Liberty Global Ventures,552
Sageview Capital,552
Blue Cloud Ventures,552
Lightspeed Venture Partners,553
Google Ventures,553
General Catalyst,553
Sequoia Capital,554
Uncork Capital,554
Salesforce Ventures,554
General Catalyst,555
Samsung NEXT,555
CVS Health,555
Altitude Life Science Ventures,556
SoftBank Group,556
Alaska Permanent Fund,556
A16z Crypto,557
Variant Fund,557
Paradigm,557
Jungle Ventures,558
Square Peg Capital,558
OpenSpace Ventures,558
Insight Partners,559
Sequoia Capital,559
Index Ventures,559
Threshold Ventures,560
Baseline Ventures,560
Harrison Metal,560
Stripe,561
Founders Fund,561
Partech Partners,561
Eurazeo,562
IDInvest Partners,562
Balderton Capital,562
DataTribe,563
Energy Impact Partners,563
AllegisCyber Capital,563
Crosslink Capital,564
.406 Ventures,564
Sapphire Ventures,564
Nexus Venture Partners,565
Transamerica Ventures,565
Crane Venture Partners,565
Greycroft,566
Lerer Hippeau,566
Geekdom Fund,566
Gobi Partners,567
500 Startups,567
Ondine Capital,567
Index Ventures,568
Kleiner Perkins Caufield & Byers,568
Bessemer Venture Partners,568
SoftBank Group,569
Access Industries,569
Crossbeam Venture Partners,569
Paradigm,570
Huobi Ventures,570
Andreessen Horowitz,570
Obvious Ventures,571
Andreessen Horowitz,571
NFX,571
Boxin Capital,572
DT Capital Partners,572
IDG Capital,572
Alta Partners,573
General Catalyst,573
Jove Equity Partners,573
Alpha Wave Global,574
Matrix Partners India,574
Tiger Global Management,574
Cybernaut Growth Fund,575
IDG Capital,575
Yabeo Capital,576
SBI Investment,576
Vulcan Capital,576
Crosslink Capital,577
Meritech Capital Partners,577
Lightspeed Venture Partners,577
TPG Growth,578
Goldman Sachs,578
GAM Holding,579
People Electrical Appliance Group China,580
Zhongrong International Trust,580
Sequoia Capital,581
Bain Capital Ventures,581
enaya Capital,581
Mayfield Fund,582
Shasta Ventures,582
L Catterton,582
OMERS Private Equity,583
T. Rowe Price,583
Technology Crossover Ventures,583
Blackbird Ventures,584
IndexVentures,584
Tiger Global Management,584
GGV Capital,585
Accel,585
Redpoint Ventures,585
Andreessen Horowitz,586
Greylock Partners,586
Sequoia Capital,586
GreatPoint Ventures,587
Meritech Capital Partners,587
PayPal Ventures,587
Altitude Life Science Ventures,588
T. Rowe Price,588
Morningside Venture Partners,588
Technology Crossover Ventures,589
Accel,589
Aker,589
March Capital Partners,590
HOF Capital,590
Emergence Capital,590
BEENEXT,591
World Innovation Lab,591
Light Street Capital,591
Andreessen Horowitz,592
Coatue Management,592
Clocktower Technology Ventures,592
Zeev Ventures,593
Menlo Ventures,593
Crosslink Capital,593
Initialized Capital,594
Sound Ventures,594
TI Platform Management,594
Insight Venture Partners,595
ICONIQ Capital,595
Launchpad Venture Group,595
QED Investors,596
DST Global,596
Left Lane Capital,596
Sequoia Capital,597
Index Ventures,597
S Capital,597
General Catalyst,598
BaltCap,598
Novator Partners,598
Craft Ventures,599
Sequoia Capital,599
Verissimo Ventures,599
Sequoia Capital,600
Lightspeed Venture Partners,600
Paradigm,600
Y Combinator,601
Andreessen Horowitz,601
Bessemer Venture Partners,601
IFC,602
Ajinomoto,602
Shunwei Capital Partners,603
5Y Capital,603
Legend Capital,603
Moderne Ventures,604
Oakhouse Partners,604
Bjarke Ingels Group,604
Guiyang Venture Capital,605
Longfor Capital,605
CAOGENZHIBEN GROUP,605
Bessemer Venture Partners,606
Eniac Ventures,606
Canapi Ventures,606
Guozhong Venture Capital Management,607
Shenzhen Capital Group,607
Oriental Fortune Capital,607
Centurium Capital,608
Cedarlake Capital,608
Unicom Innovation Venture Capital,608
Sequoia Capital China,609
Warburg Pincus,609
IDG Capital,609
CE-Ventures,610
BECO Capital,610
Nordstar,610
Kleiner Perkins Caufield & Byers,611
Sequoia Capital,611
General Catalyst,611
China Creation Ventures,612
Sierra Ventures,612
Xingwang Investment Management,612
Alibaba Group,613
Co-Stone Venture Capital,613
Buhuo Venture Capital,613
Insight Partners,614
AltaIR Capital,614
Norma Investments,614
Mundi Ventures,615
Doqling Capital Partners,615
Activant Capital,615
Anglo American,616
Camber Creek,617
Kairos HQ,617
Fifth Wall Ventures,617
Sequoia Capital,618
General Atlantic,618
Clocktower Technology Ventures,619
DILA Capital,619
Kaszek Ventures,619
Foundation Capital,620
Institutional Venture Partners,620
Founders Capital,620
MPM Capital,621
Astellas Venture Management,621
F2 Ventures,621
GGV Capital,622
QiMing Venture Partnersl,622
Warburg Pincus,623
Aviation Industry Corporation of China,623
Volkswagen,624
Access Industries,624
Vostok New Ventures,624
Alibaba Group,625
China Everbright Limited,625
Yinxinggu Capital,625
Trustbridge Partners,626
IDG Capital,626
Sequoia Capital China,626
Morningside Ventures,627
Capital Today,627
JOY Capital,627
Legend Capital,628
CDH Investments,628
Sequoia Capital China,628
Source Code Capital,629
Meituan Dianping,629
Tencent Holdings,629
SoftBank Group,630
New Enterprise Associates,631
Founders Fund,631
Google Ventures,631
Jackson Square Ventures,632
Madrone Capital Partners,632
Sequoia Capital,632
Norwest Venture Partners,633
Accel,633
Tiger Global Management,633
Max Ventures,634
Mangrove Capital Partners,634
14W,634
Rubicon Technology Partners,635
Max Ventures,635
Inclusive Capital Partners,635
Moonshots Capital,636
BoxGroup,636
Blu Venture Investors,636
Sequoia Capital,637
Y Combinator,637
F-Prime Capital,637
Deciens Capital,638
Bezos Expeditions,638
500 Startups,638
Digital Currency Group,639
Draper Esprit,639
Korelya Capital,639
Amiti Ventures,640
Playground Global,640
Aleph,640
Source Code Capital,641
Coatue Management,641
DCM Ventures,641
Redpoint Ventures,642
Providence Equity Partners,642
Silversmith Capital Partners,642
Mayfield Fund,643
Insight Partners,643
Rembrandt Venture Partners,643
Kaszek Ventures,644
SOSV,644
Tiger Global Management,644
Felicis Ventures,645
Index Ventures,645
Blackbird Ventures,645
Insight Partners,646
Coinbase Ventures,646
PayPal Ventures,646
Global Founders Capital,647
Shea Ventures,647
Greycroft,647
VGames,648
Lakestar,648
Galaxy Interactive,648
Scale Venture Partners,649
Sapphire Ventures,649
Battery Ventures,649
Coatue Management,650
Index Ventures,650
Founders Fund,650
Ant Group,651
Charoen Pokphand Group,651
Bow Wave Capital,651
Spark Capital,652
Google Ventures,652
CRE Venture Capital,652
Nyca Partners,653
Index Ventures,653
Technology Crossover Ventures,653
Insight Partners,654
Softbank Group,654
Connect Ventures,654
Accomplice,655
Polychain Capital,655
GoldenTree Asset Management,655
PSG,656
ION Crossover Partners,656
Chiratae Ventures,657
Accel,657
Kalaari Capital,657
Redpoint e.ventures,658
Valor Capital Group,658
SoftBank Latin America Fund,658
Brighton Park Capital,659
Blue Cloud Ventures,659
Workday Ventures,659
Accel,660
Benchmark,660
SV Angel,660
Samsung Ventures,661
SingulariTeam,661
BP Ventures,661
L Catterton,662
Franklin Templeton,662
First Light Capital Group,662
Index Ventures,663
Eight Roads Ventures,663
General Atlantic,663
Accel,664
Institutional Venture Partners,664
Tiger Global Management,664
Sequoia Capital,665
General Catalyst,665
Human Capital,665
Kalaari Capital,666
Norwest Venture Partners,666
Prosus Ventures,666
General Catalyst,667
Origin Ventures,667
Fontinalis Partners,667
Amplify Partners,668
Addition,668
Madrona Venture Group,668
Redpoint Ventures,669
Norwest Venture Partners,669
Sierra Ventures,669
Sodexo Ventures,670
SoftBank Group,670
DeFi Technologies,671
Hypersphere Ventures,671
M13,671
Bessemer Venture Partners,672
Builders VC,672
General Catalyst,672
New Enterprise Associates,673
Matrix Partners,673
Susa Ventures,673
Viking Global Investors,674
Riverwood Capital,674
Lightrock,674
BMW i Ventures,675
Metaplanet,675
Maersk Growth,675
Global Emerging Markets,676
Sram & Mram Group,676
Marshland Capital,676
Eastern Bell Capital,677
Capital Today,677
Longzhu Capital,677
China Grand Prosperity Investment,678
CSC Group,678
BoxGroup,679
Energy Impact Partners,679
Camber Creek,679
Trinity Ventures,680
Fifth Wall Ventures,680
OpenView Venture Partners,680
Marathon Venture Partners,681
Huagai Capital,681
China Creation Ventures,681
Hongtai Capital Holdings,682
Jintou Zhiyuan,682
Baidu,683
Tencent Holdings,683
Ding Xiang Capital,684
New Hope Fund,684
Sino-Ocean Capital,684
Taigang Venture Capital,685
General Atlantic,686
Left Lane Capital,687
Clocktower Technology Ventures,687
Jump Capital,687
Slow Ventures,688
Andreessen Horowitz,688
SoftBank Group,688
Temasek,689
BUILD Capital Partners,689
Northzone Ventures,689
Index Ventures,690
Thrive Capital,690
Bain Capital Ventures,690
Sequoia Capital China,691
China Life Investment Holding Company,691
Qiming Venture Partners,691
Kickstart Fund,692
General Catalyst,692
Drive Capital,692
Mayfield,693
Accel,693
Norwest Venture Partners,693
Mayfield,694
Accel,694
Norwest Venture Partners,694
Initialized Capital,695
Canaan Partners,695
Sound Ventures,695
Bonfire Ventures,696
Two Sigma Ventures,696
FJ Labs,696
Andreessen Horowitz,697
Initialized Capital,697
TriplePoint Capital,697
Newion Partners,698
SmartFin Capital,698
OMERS Ventures,698
March Capital Partners,699
Temasek,699
Doha Venture Capital,699
MUFG Innovation Partners,700
Spark Capital,700
TLV Partners,701
Zeev Ventures,701
Bessemer Venture Partners,701
New Enterprise Associates,702
Tiger Global Management,702
Tencent,702
BNP Paribas,703
Goldman Sachs,703
Google,703
Phoenix New Media,704
Tianjin Haihe Industry Fund,704
Seaya Ventures,705
Otter Rock Capital,705
Rakuten,705
Eastern Bell Capital,706
SF Holding Co,706
STO Express,706
Global Founders Capital,707
Comcast Ventures,707
Forerunner Ventures,707
New Enterprise Associates,708
CRV,708
Index Ventures,708
EQT Partners,709
Blackstone,709
Bessemer Venture Partners,710
Vintage Investment Partners,710
Blumberg Capital,710
Sequoia Capital India,711
Lightbox Ventures,711
Coatue Management,711
Greylock Partners,712
General Catalyst,712
Khosla Ventures,712
Goodwater Capital,713
Entree Capital,713
Valar Ventures,713
Durable Capital Partners,714
Cercano Management,714
T. Rowe Price,714
KKR,715
Aspenwood Ventures,715
Spark Capital,715
IMM Investment,716
Mirae Asset Capital,716
BOND,716
Notion Capital,717
Kindred Capital,717
BGF Ventures,717
Sequoia Capital India,718
Hummingbird Ventures,718
Matrix Partners India,718
Qualcomm Ventures,719
Fireside Ventures,719
Sierra Ventures,720
AXA Venture Partners,720
Sigma Prime Ventures,720
Helion Venture Partners,721
Tiger Global management,721
CRV,721
Signal Peak Ventures,722
Owl Ventures,722
Jump Capital,722
Refactor Capital,723
Andreessen Horowitz,723
Fifty Years Fund,723
BlackRock,724
Tengelmann Ventures,724
Holtzbrinck Ventures,724
Simon Equity Partners,725
Wavemaker Partners,725
Anthem Venture Partners,725
Innovation Endeavors,726
s28 Capital,726
Lightspeed Venture Partners,726
Y Combinator,727
S Capital,727
Tenaya Capital,727
Lightspeed Venture Partners,728
Access Industries,728
Eldridge,728
Sequoia Capital,729
Four Rivers Group,729
DAG Ventures,729
Propel Venture Partners,730
Monashees+,730
BBVA,730
Contour Venture Partners,731
Intel Capital,731
Silver Lake,731
DESUN Capital,732
Yunfeng Capital,732
Meridian Capital,732
Sequoia Capital China,733
Goldman Sachs,733
Matrix Partners China,733
Green Pine Capital Partners,734
Ivy Capital,734
DCM Ventures,734
8VC,735
Bedrock Capital,735
Broom Ventures,735
Menlo Ventures,736
Resolute Ventures,736
IA Ventures,736
Tencent Holdings,737
Glory Ventures,737
Shenzhen Capital Group,737
Marchmont Ventures,738
BMW i Ventures,738
Index Ventures,738
Atinum Investment,739
Company K Partners,739
GIC,739
Kleiner Perkins Caufield & Byers,740
Comcast Ventures,740
Insight Partners,740
Goldman Sachs,741
Advantech Capital,742
Temasek Holdings Ltd.,742
Tiantu Capital Co.,742
SC.Holdings,743
Not Boring Capital,743
Bolt Ventures,743
Qiming Venture Partners,744
China Internet Investment Fund,744
Qualcomm Ventures,744
ARCH Venture Partners,745
Ally Bridge Group,745
InnoVentures Capital Partners,746
BlueCross BlueShield Venture Partners,747
US Venture Partners,747
Bertelsmann India Investments,748
March Capital Partners,748
Tribe Capital,748
Nirvana Venture Advisors,748
Undisclosed,749
York Capital Management,750
GE Healthcare,750
Koch Disruptive Technologies,750
Highland Capital Partners,751
Next Coast Ventures,751
SoGal Ventures,751
Coatue Management,752
H Capital,752
Capital Today,752
N5 Capital,753
CR Capital Mgmt,753
JD Digits,753
Insight Partners,754
Silversmith Capital Partners,754
Spotify,754
Kaszek Ventures,755
QED Investors,755
International Finance Corporation,755
Bessemer Venture Partners,756
Menlo Ventures,756
Anthermis,756
SignalFire,757
GLP Capital Partners,757
Google Ventures,757
Lightspeed Venture Partners,758
Dell Technologies Capital,758
Wipro Ventures,758
Liberty City Ventures,759
Soros Fund Management,759
Summer Capital,759
LocalGlobe,760
Kinnevik,760
Felix Capital,760
Left Lane Capital,761
Walden Venture Capital,761
Zeev Ventures,762
GSV Ventures,762
Initialized Capital,763
General Catalyst,763
Kraken Ventures,763
Chromo Invest,764
Maersk Growth,764
BlackRock,764
UNITY VENTURES,765
Qiming Venture Partners,765
GGV Capital,765
Insight Partners,766
B Capital Group,766
Lightspeed Venture Partners,766
AirTree Ventures,767
Insight Partners,767
Index Ventures,767
Insight Partners,768
Sequoia Capital,768
Stripes Group,768
Caffeinated Capital,769
Initialized Capital,769
Y Combinator,769
General Atlantic,770
CVS Health,770
MassMutual Ventures,770
Dynamo VC,771
Susa Ventures,771
Founders Fund,771
Bessemer Venture Partners,772
Insight Partners,772
Pitango Venture Capital,772
Nordic Capital,773
FirstMark Capital,774
Tiger Global Management,774
Mitsubishi Corporation,775
Mayfair Equity Partners,775
IDG Capital,776
Gaocheng Capital,776
Chuanrong Capital,776
Dark Horse Technology Group,777
Hopu Investment Management,777
Kefa Capital,777
FTV Capital,778
Tencent Holdings,779
Utrust Venture Capital,779
GF Xinde Investment Management Co.,779
IDG Capital,780
Yuanda Venture Investment,780
Primitive Forest Holdings Group,780
BOLDstart Ventures,781
SAP.iO Fund,781
Scale Venture Partners,781
Sequoia Capital China,782
CMC Capital Partners,782
Tencent Holdings,782
Passion Capital,783
Hedosophia,783
Outrun Ventures,783
Andreessen Horowitz,784
Prosus Ventures,784
Thrive Capital,784
Javelin Venture Partners,785
Struck Capital,785
Alumni Ventures Group,785
DILA Capital,786
Framework Ventures,786
3L,786
Andreessen Horowitz,787
Bessemer Venture Partners,787
Coatue Management,787
Tencent Holdings,788
Tiger Global Management,788
Global Founders Capital,788
Madrona Venture Group,789
Banner Ventures,789
FJ Labs,789
Sequoia Capital,790
Y Combinator,790
Accel,790
G Squared,791
UiPath Ventures,791
General Catalyst,791
General Catalyst,792
Unkork Capital,792
Tencent Holdings,792
TSG Consumer Partners,793
Crowdcube,793
Tencent Holdings,794
Delta Capital,794
Redpoint Ventures China,794
Qiming Venture Partners,795
Accel,796
Founder Collective,796
Brainchild Holdings,796
Nextech Invest,797
Casdin Capital,797
Google Ventures,797
Trane Technologies,798
Honeywell,798
Leta Capital,799
Insight Partners,799
General Catalyst,799
Cool Japan Fund,800
JAFCO,800
The Carlyle Group,800
Wamda Capital,801
Endeavor,801
Riverwood Capital,801
The Column Group,802
Alexandria Venture Investments,802
Lux Capital,802
CRV,803
Tiger Global Management,803
Y Combinator,803
BMW i Ventures,804
Breakthrough Energy Ventures,804
Volta Energy Technologies,804
Alibaba Group,805
KKR,805
Goldman Sachs,805
CreditEase Fintech Investment Fund,806
BMW i Ventures,806
SoftBank Group,806
Forerunner Ventures,807
Institutional Venture Partners,807
Thrive Capital,807
ICG,808
Madrona Venture Group,809
Kleiner Perkins Caufield & Byers,809
Highland Capital Partners,809
Georgian Partners,810
Silver Lake,810
Presidio Ventures,810
Accel,811
Greycroft,811
Advancit Capital,811
Source Code Capital,812
XVC Venture Capital,812
Hillhouse Capital Management,812
Index Ventures,813
Sequoia Capital,813
Bezos Expeditions,813
Sequoia Capital China,814
Lenovo Capital and Incubator,814
Group GSR Ventures,814
GGV Capital,815
Tiger Global Management,815
Greycroft,815
SWaN & Legend Ventures,816
Revolution Growth,816
Invus Group,816
IA Ventures,817
Khosla Ventures,817
AME Cloud Ventures,817
Version One Ventures,818
Bessemer Venture Partners,818
FirstMark Capital,818
IDG Capital,819
ZhenFund,819
Sequoia Capital China,819
Partech Partners,820
Index Ventures,820
Quadrille Capital,820
Polaris Partners,821
Insight Partners,821
Norwest Venture Partners,821
Qualcomm Ventures,822
Accel,822
Canaan Partners,822
RPM Ventures,823
Inspiration Ventures,823
Carrick Capital Partners,823
Pantera Capital,824
Polychain Capital,824
Lightspeed Venture Partners,824
Insight Partners,825
Salesforce Ventures,825
Perpetual Investors,825
Accel,826
Greylock Partners,826
Meritech Capital Partners,826
Sequoia Capital India,827
Hillhouse Capital Management,827
Sunley House Capital Management,827
L'Occitane,828
Trifecta Capital,828
Bessemer Venture Partners,828
Craft Ventures,829
Caffeinated Capital,829
Operator Collective,829
Sequoia Capital India,830
Hummingbird Ventures,830
Epiq Capital,830
SoftBank Latin America Fund,831
Advent International,831
Balderton Capital,831
Mayfield,832
Madrona Venture Group,832
Tiger Global Management,832
Advent International,833
Battery Ventures,833
Sequoia Capital Israel,833
Paradigm,834
Andreessen Horowitz,834
Jump Capital,834
Jungle Ventures,835
Helion Venture Partners,835
INGKA Investments,835
Norwest Venture Partners,836
Investcorp,836
Blackstone,836
FirstMark Capital,837
Tiger Global Management,837
FTX Ventures,837
Bessemer Venture Partners,838
G Squared,838
Insight Partners,838
Kleiner Perkins Caufield & Byers,839
CRV,839
Threshold Ventures,839
Accel,840
Better Tomorrow Ventures,840
Flourish Ventures,840
Vision Plus Capital,841
Source Code Capital,841
Lightspeed Venture Partners,841
CVC Capital Partners,842
Mendacre,843
BRV Capital Management,843
Liquid 2 Ventures,843
Matrix Partners,844
Lightspeed Venture Partners,844
Verizon Ventures,844
Animal Capital,845
Breyer Capital,845
In-Q-Tel,845
CDIB Capital,846
Russia-China Investment Fund,847
Tencent Holdings,847
Sequoia Capital China,847
Sequoia Capital China,848
Qiming Venture Partners,848
Tencent Holdings,848
Source Code Capital,849
Global Logistic Properties,849
K2VC,849
Kleiner Perkins Caufield & Byers,850
Afore Capital,850
Founders Fund,850
Goodwater Capital,851
Floodgate,851
Founders Fund,851
Qiming Venture Partners,852
Yaxia Automobile,852
Far East Horizon,852
Weber Investissements,853
Schibsted Growth,853
Breakthrough Energy Ventures,854
Material Impact,854
3x5 Special Opportunity Partners,854
Advent International,855
Pelion Venture Partners,856
Foundation Capital,856
Thoma Bravo,856
Pelion Venture Partners,857
Foundation Capital,857
Thoma Bravo,857
Venrock,858
Innovation Endeavors,858
Insights Partners,858
General Catalyst,859
Bling Capital,859
Felicis Ventures,859
FirstMark Capital,860
Anthemis,860
CMFG Ventures,860
China Reform Fund,861
Gaopeng Capital,861
Jinhui Xingye,861
Ant Group,862
Lazada,862
Sinar Mas Indonesia,862
Lightspeed Venture Partners,863
Khosla Ventures,863
Munich Re Ventures,863
Artiman Ventures,864
Pitango Venture Capital,864
Valo Ventures,864
Upfront Ventures,865
Accel,865
Industry Ventures,865
Forestay Capital,866
Alumni Ventures,866
NTT DoCoMo Ventures,866
Redpoint Ventures,867
Prologis Ventures,867
Madrona Venture Group,867
Draper Fisher Jurtson,868
Qualcomm Ventures,868
Alibaba Group,868
Mithril,869
iNovia Capital,869
Foundry Group,869
Tiantu Capital,870
SAIF Partners China,870
Newsion Venture Capital,870
KKR,871
TowerBrook Capital Partners,871
Spark Capital,872
Highland Europe,872
Sunstone Capital,872
Ardian,873
Tiger Global Management,873
KKR,873
Opus Capital,874
Genesis Partners,874
Battery Ventures,874
The Carlyle Group,875
Accelm Scania Growth Capital,876
Lakestar,876
Auriga,877
Galeo Ventures,877
Highland Europe,877
LocalGlobe,878
Balderton Capital,878
Target Global,878
Thrive Capital,879
Khosla Ventures,879
Tiger Global Management,879
Zeev Ventures,880
Group11,880
Chicago Ventures,880
China Culture Industrial Investment Fund,881
We Capital,881
China Minsheng Investment Group,881
Pritzker Group Venture Capital,882
Accel,882
Hyde Park Venture Partners,882
Glory Ventures,883
Maniv Mobility,883
CMFG Ventures,884
Accomplice,884
Moderne Ventures,884
Monashees+,885
Foundation Capital,885
Base10 Partners,885
GGV Capital,886
Lightspeed Venture Partners,886
ICONIQ Capital,886
500 Global,887
Rakuten Ventures,887
Golden Gate Ventures,887
Sequoia Capital India,888
Rocketship.vc,888
Lightspeed India Partners,888
8VC,889
Norwest Venture Partners,889
Tiger Global Management,889
HV Capital,890
Softbank Group,890
BlackRock,890
Intact Ventures,891
Munich Re Ventures,891
General Atlantic,891
M13,892
Lightspeed Venture Partners,892
Lone Pine Capital,892
Mangrove Capital Partners,893
14W. ForgeLight,893
Khosla Ventures,894
General Catalyst,894
Blumberg Capital,894
Foundation Capital,895
Frontier Ventures,895
AltaIR Capital,895
Chiratae Ventures,896
SoftBank Group,896
Trifecta Capital,896
WestBridge Capital,897
GSV Ventures,897
Elevar Equity,897
Edison Partners,898
Georgian Partners,898
VentureLink,898
New Enterprise Associates,899
Koch Disruptive Technologies,899
Evolution Equity Partners,899
Insight Partners,900
e.ventures,900
General Atlantic,900
General Catalyst,901
Inspired Capital,901
Flybridge Capital Partners,901
Kaiser Permanente Ventures,902
Endeavour Vision,902
LRVHealth,902
Kleiner Perkins Caufield & Byers,903
s28 Capital,903
Insight Partners,903
Andreessen Horowitz,904
Bessemer Venture Partners,904
Khosla Ventures,904
,904
Andreessen Horowitz,905
Founders Fund,905
GSV Ventures,906
WestBridge Capital,906
Goldman Sachs Asset Management,907
STORY3 Capital Partners,907
Blume Ventures,908
JSW Ventures,908
IvyCap Ventures,908
Franklin Templeton,909
Motive Partners,909
Apollo Global Management,909
Beijing Juneng Hesheng Industry Investment Fund,910
Beijing Shuju Xinrong Fund,910
Shenzhen Capital Group,911
Robert Bosch Venture Capital,911
SeptWolves Ventures,911
QF Capital,912
QC Capital,912
Unicom Innovation Venture Capital,912
AF Ventures,913
Siddhi Capital,913
SC.Holdings,913
Inflexion Private Equity,914
SAIF Partners India,915
Warburg Pincus,915
Trifecta Capital Advisors,915
Fireside Ventures,916
Sequoia Capital India,916
Stellaris Venture Partners,916
Jump Capital,917
Pantera Capital,917
Greylock Partners,917
Sequoia Capital China,918
Rich Land Capital,918
Merrysunny Wealth,918
New Enterprise Associates,919
Greylock Partners,919
Andreessen Horowitz,919
FundersClub,920
Y Combinator,920
Tiger Global Management,920
Founders Fund,921
Upfront Ventures,921
01 Advisors,921
Bain Capital Tech Opportunities,922
Andreessen Horowitz,922
Sequoia Capital,922
American Family Ventures,923
Greycroft,923
SignalFire,923
Intel Capital,924
Aviv Venture Capital,924
Shell Ventures,925
Blackstone,925
Moore Strategic Ventures,925
Accel,926
Sands Capital,926
International Finance Corporation,926
Sequoia Capital China,927
Gopher Asset Management,927
Shanghai Electric Group,927
Silverton Partners,928
Tusk Ventures,928
CRV,928
Benchmark,929
btov Partners,929
Bessemer Venture Partners,929
Middle East Venture Partners,930
Endeavor,930
Algebra Ventures,930
Andreessen Horowitz,931
S3 Ventures,932
Greylock Partners,933
Addition,933
M12,933
Index Ventures,934
EQT Ventures,934
Workday Ventures,934
Andreessen Horowitz,935
BDC Capital,936
Georgian Partners,936
Bessemer Venture Partners,936
BRV Capital Management,937
Bualuang Ventures,937
Placeholder Capital,938
Coinbase Ventures,938
Binance Ventures,938
Lightspeed Venture Partners,939
Coatue Management,939
Mouro Capital,940
Hanaco Venture Capital,940
Gramercy Ventures,940
Lightrock,941
Greyhound Capital,941
Endeavor,941
BlueRun Ventures,942
LEAP Global Partners,942
Cervin Ventures,942
Meson Capital Partners,943
Fifth Wall Ventures,943
OGCI Climate Investments,943
Astorg Partners,944
Princeville Global,944
Beyond Net Zero,944
Railway Pension Trustee Co. Ltd.,945
Accel Partners,946
Greylock Partners,946
Lowercase Capital,946
Insight Partners,947
Toba Capital,947
Spring Ventures,947
SoftBankGroup,948
Blackrock,948
Alibaba Group,948
Matrix Partners,949
Passport Capital,949
Rho Ventures,949
Resolute Ventures,950
Shima Capital,950
Circle Ventures,950
Kleiner Perkins Caufield & Byers,951
Softbank Corp.,951
Sherpalo Ventures,951
N/A,952
Silver Lake Partners,953
General Atlantic,953
Banyan Capital,954
New Horizon Capital,954
IDG Capital Partners,954
5Y Capital,955
Matrix Partners China,955
K2VC,955
Matrix Partners China,956
Ventech China,956
Shunwei Capital Partners,956
IDG Capital,957
Northern Light Venture Capital,957
DCM Ventures,957
Sequoia Capital China,958
ZhenFund,958
K2 Ventures,958
KKR,959
Alibaba Group,959
Ping An Insurance,959
SAIF Partners China,960
Baidu,960
IDG Capital,960
China Minsheng Investment,961
Baidu,961
Wanxin Media,961
QiMing Venture Partners,962
Temasek Holdings,962
Silverlink Capital,962
Hinduja Group,963
Tencent,964
Vcanbio,964
Goldman Sachs,965
Insights Venture Partners,965
Pritzker Group Venture Capital,965
Berkshire Partners,966
Norwest Venture Partners,966
Sequoia Capital China,967
SIG Asia Investments,967
ZhenFund,967
58.com,968
Tencent Holdings,968
Warburg Pincus,969
Summit Partners,969
Sands Capital,969
K2 Ventures,970
Matrix Partners China,970
IDG Capital,970
Standard Chartered,971
FinSight Ventures,971
Affirma Capital,971
Blue Label Telecoms,972
Net1 UEPS Technologies,972
Co-Energy Finance,973
Grandland,973
K2 Global,974
500 Startups,974
Sequoia Capital China,975
ING,975
Alibaba Entrepreneurs Fund,975
Morningside Venture Capital,976
IDG Capital,976
DCM Ventures,976
Tencent Holdings,977
DCM Ventures,977
Ginko Ventures,978
Fosun RZ Capital,979
Oceanwide Holdings,979
Shenzhen Qianhe Capital Management Co.,979
V Star Capital,980
GF Xinde Investment Management Co.,980
Haitong Leading Capital Management,980
China Investment Corporation,981
New Enterprise Associates,981
Silicon Valley Bank,982
QED Investors,982
European Founders Fund,982
Innova Capital - FIP,983
3G Capital Management,983
Prosus Ventures,983
One Luxury Group,984
Eurazeo,984
Qiming Venture Partners,985
China Broadband Capital,985
CDH Investments,985
Prometheus Capital,986
Matrix Partners China,986
JD Capital Management,986
Yunfeng Capital,987
SDIC Innovation Investment Management,987
Shang Qi Capital,987
GCP Capital Partners,988
Sinovation Ventures,989
Tencent Holdings,989
Sequoia Capital China,989
U.S.-China Green Fund,990
Founder H Fund,990
Richland Equities,990
Lakestar,991
Battery Ventures,991
New Enterprise Associates,991
China Everbright Limited,992
IDG Capital,992
iFLYTEK,992
Georgian Co-Investment Fund,993
iTech Capital,993
Galaxy Digital,993
Target Global,994
UBS Asset Management,994
Mubadala Capital,994
SoftBank Group,995
Astanor Ventures,996
Upfront Ventures,996
IDInvest Partners,996
BOC International,997
TopoScend Capital,997
Hongxiu VC,997
DST Global,998
Sequoia Capital China,998
Gaorong Capital,998
China Prosperity Capital,999
TAL Education Group,1000
Legend Star,1000
Alibaba Group,1000
SBI Investment Korea,1001
Partners Investment,1001
GIC,1001
Aglae Ventures,1002
Global Founders Capital,1002
Alven Capital,1002
Koch Disruptive Technologies,1003
Teamworthy Ventures,1003
GGV Capital,1003
Union Square Ventures,1004
Summerhill Venture Partners,1004
Mithril Capital Management,1004
Investment Corporation of Dubai,1005
Centralway,1005
FTV Capital,1006
Endeavor,1006
Matrix Partners China,1007
Bright Venture Capita,1007
Shenzhen Capital Group,1007
Jackson Square Ventures,1008
Greenoaks Capital Management,1008
Softbank Group,1008
Technology Crossover Ventures,1009
Alkeon Capital Management,1009
General Atlantic,1009
OLX Group,1010
KCK Group,1010
EXOR Seeds,1010
Union Square Ventures,1011
Altos Ventures,1011
Costanoa Ventures,1011
Lightspeed Venture Partners,1012
Data Collective,1012
8VC,1012
One Equity Partners,1013
Novator Partners,1014
True,1014
Causeway Media Partners,1014
Sozo Ventures,1015
Caffeinated Capital,1015
Sequoia Capital,1015
MMC Ventures,1016
BGF Ventures,1016
Unilever Ventures,1016
Costanoa Ventures,1017
Data Collective,1017
Salesforce Ventures,1017
WRVI Capital,1018
Caffeinated Capital,1018
Y Combinator,1018
Insight Partners,1019
Bain Capital Ventures,1019
IDG Capital,1020
Francisco Partners,1020
ZhenFund,1020
Flybridge Capital Partners,1021
SoftBank Group,1021
Monashees+,1021
Wellington Management,1022
Eurazeo,1022
Citi Ventures,1022
Storm Ventures,1023
DFJ DragonFund,1023
New Enterprise Associates,1023
SCB 10X,1024
Krungsri Finnovate,1024
eWTP Capital,1024
C5 Capital,1025
Hemisphere Ventures,1025
The Venture Collective,1025
Scale Venture Partners,1026
BOND,1026
Tiger Global Management,1026
CRV,1027
Y Combinator,1027
Initialized Capital,1027
Bojiang Capital,1028
Hongdao Capital,1028
Mobai Capital,1028
Owl Ventures,1029
Technology Crossover Ventures,1029
Tao Capital Partners,1029
TLV Partners,1030
Lightspeed Venture Partners,1030
M12,1030
Sequoia Capital China,1031
Shunwei Capital Partners,1031
Qualgro,1031
B Capital Group,1032
GE Ventures,1032
McKesson Ventures,1032
GreatPoint Ventures,1033
Tiger Global Management,1033
Menlo Ventures,1033
Global Founders Capital,1034
Shea Ventures,1034
Greycroft,1034
Matrix Partners China,1035
Sequoia Capital China,1035
Hundreds Capital,1035
Lightspeed Venture Partners,1036
Kleiner Perkins Caufield & Byers,1036
Origin Ventures,1036
Yinhong Equity Investment Fund,1037
E Fund,1037
Ideal International,1037
Silverton Partners,1038
Accel,1038
Ballast Point Ventures,1038
American Family Ventures,1039
Cox Enterprises,1039
OMERS Ventures,1039
TDK Ventures,1040
Social Capital,1040
D1 Capital Partners,1040
Bertelsmann Asia Investments,1041
Sequoia Capital China,1041
NIO Capital,1041
Pantera Capital,1042
Cadenza Ventures,1042
BlockTower Capital,1042
Union Square Ventures,1043
Insight Partners,1043
Spark Capital,1043
Tiger Global Management,1044
Hedosophia,1044
Thrive Capital,1045
Durable Capital Partners,1045
G Squared,1045
Smilegate Investment,1046
DSC Investments,1046
KTB Ventures,1046
Flagship Pioneering,1047
Alexandria Venture Investments,1047
Investment Corporation of Dubai,1047
Accel,1048
Cobalt Capital,1048
Andreessen Horowitz,1048
Eastern Bell Capital,1049
Danhua Capital,1049
MSA Capital,1049
General Atlantic,1050
Griffin Gaming Partners,1051
Andreessen Horowitz,1051
Battery Ventures,1051
Eclipse Ventures,1052
Fidelity Investments,1052
Moore Capital Management,1052
Xingwang Investment Management,1053
China Capital Investment Group,1053
Matrix Partners China,1053
Iris Capital,1054
Accel,1054
Elaia Partners,1054
Helion Venture Partners,1055
Bain Capital Tech Opportunities,1055
Sequoia Capital India,1055
Invus Group,1056
Hanaco Venture Capital,1056
WestCap Group,1056
Sequoia Capital,1057
Founders Fund,1057
Bling Capital,1057
Bregal Sagemount,1058
Dragonfly Captial,1059
Qiming Venture Partners,1059
DST Global,1059
Version One Ventures,1060
Uncork Capital,1060
Bessemer Venture Partners,1060
Northzone Ventures,1061
Maveron,1061
Johnson & Johnson Innovation,1061
Optum Ventures,1062
Qiming Venture Partners,1062
Transformation Capital,1062
Delian Capital,1063
China International Capital Corporation,1063
Sequoia Capital China,1063
SingTel Innov8,1064
Alpha JWC Ventures,1064
Golden Gate Ventures,1064
Insight Partners,1065
Ignition Partners,1065
Georgian Partners,1065
GGV Capital,1066
Hillhouse Capital Management,1066
IDG Capital,1066
Salesforce Ventures,1067
next47,1067
Pereg Ventures,1067
Bessemer Venture Partners,1068
MoreVC,1068
Team8,1068
Genesis Partners,1069
Aleph,1069
Insight Partners,1069
Balderton Capital,1070
Next World Capital,1070
Draper Esprit,1070
Day One Ventures,1071
Coinbase Ventures,1071
Andreessen Horowitz,1071
Javelin Venture Partners,1072
TTV Capital,1072
Peterson Ventures,1072
Advance Venture Partners,1073
Susquehanna Growth Equity,1073
Lupa Systems,1073
Foundation Capital,1074
Summit Partners,1074
Adams Street Partners,1074
Hyde Park Venture Partners,1075
FundersClub,1075
Bain Capital Ventures,1075
General Catalyst,1076
Future Ventures,1076
AU21,1076
Madrona Venture Group,1077
Tiger Global Management,1077
Madera Technology Partners,1077
Foundry Group,1078
Scale Venture Partners,1078
SoftBank Group,1078
NetEase Capital,1079
Northern Light Venture Capital,1079
Microsoft,1079
Qiming Venture Partners,1080
Vivo Capital,1080
Sequoia Capital China,1080
Bain Capital,1081
Kleiner Perkins Caufield & Byers,1082
NightDragon Security,1082
Venrock,1082
Vertex Ventures SE Asia,1083
Global Founders Capital,1083
Visa Ventures,1083
Wing Venture Capital,1084
Slow Ventures,1084
Uncork Capital,1084
FirstMark Capital,1085
Georgian Partners,1085
Norwest Venture Partners,1085
Accomplice,1086
Oak Investment Partners,1086
Georgian Partners,1086
Greylock Partners,1087
Google Ventures,1087
BlackRock,1087
Greylock Partners,1088
Google Ventures,1088
BlackRock,1088
Female Founders Fund,1089
Oak HC/FT Partners,1089
Sequoia Capital,1089
Sequoia Capital,1090
DCM Ventures,1090
Insight Partners,1090
Goldman Sachs Asset Management,1091
SDP Investment,1091
Alibaba Group,1091
Andreessen Horowitz,1092
DST Global,1092
IDG Capital,1092
Ardian,1093
Bain Capital,1093
Hillhouse Capital Management,1094
Sequoia Capital China,1094
Linear Venture,1094
NFX,1095
Plum Alley,1095
Mayfield,1095
Accomplice,1096
Juxtapose,1096
FirstMark Capital,1096
Accel,1097
Y Combinator,1097
Amasia,1097
Anthemis,1098
Connect Ventures,1098
Northzone Ventures,1098
Advent International,1099
PSG,1099
Providence Equity Partners,1099
Rembrandt Venture Partners,1100
M12,1100
Altos Ventures,1100
Yunqi Partners,1101
SoftBank Group,1101
iVision Ventures,1101
Tencent Holdings,1102
Hillhouse Capital Management,1102
B Capital Group,1103
Monk's Hill Ventures,1103
Dynamic Parcel Distribution,1103
Accel,1104
Tiger Global Management,1104
Omidyar Network,1104
Sequoia Capital,1105
Thrive Capital,1105
Sound Ventures,1105
Softbank Ventures Asia,1106
Alpha JWC Ventures,1106
Insignia Ventures Partners,1106
3one4 Capital Partners,1107
Bertelsmann India Investments,1107
Vertex Ventures SE Asia,1107
Left Lane Capital,1108
Galaxy Interactive,1108
Tru Arrow Partners,1108
Greylock Partners,1109
Lux Capital,1109
General Atlantic,1109
True Ventures,1110
Altimeter Capital,1110
Redpoint Ventures,1110
Speedinvest,1111
Valar Ventures,1111
Uniqa Ventures,1111
Index Ventures,1112
IDInvest Partners,1112
Daphni,1112
Sequoia Capital India,1113
The Times Group,1113
GMO VenturePartners,1113
Coatue Management,1114
Insight Partners,1114
Trinity Ventures,1114
IAG Capital Partners,1115
Augmentum Fintech,1115
Northzone Ventures,1115
Vitruvian Partners,1116
Merieux Equity Partners,1116
Straumann,1116
Valor Capital Group,1117
Lightrock,1117
Softbank Group,1117
Innovation Endeavors,1118
Aleph,1118
Temasek,1118
Lerer Hippeau,1119
Munich Re Ventures,1119
Eclipse Ventures,1119
GGV Capital,1120
GSR Ventures,1120
FreesFund,1120
Sequoia Capital China,1121
Linear Venture,1121
Hearst Ventures,1121
FTV Capital,1122
Global Founders Capital,1123
468 Capital,1123
Redalpine Venture Partners,1123
Korea Investment Private Equity,1124
Atinum Investment,1124
Korea Investment Partners,1124
Acero Capital,1125
General Catalyst,1125
M12,1125
Equal Ventures,1126
Uncork Capital,1126
Andreessen Horowitz,1126
BlueRun Ventures,1127
Grand Flight Investment,1127
Meituan Dianping,1127
Accel,1128
Falcon Edge Capital,1128
Norwest Venture Partners,1128
Khosla Ventures,1129
General Catalyst,1129
Victory Park Capital,1129
Goldman Sachs Asset Management,1130
3L,1130
Index Ventures,1131
Benchmark,1131
Thrive Capital,1131
Google Ventures,1132
Cathay Innovation,1132
NJF Capital,1132
Paladin Capital Group,1133
Greycroft,1133
Scale Venture Partners,1133
General Atlantic,1134
Elevation Capital,1134
BEENEXT,1134
Khosla Ventures,1135
General Catalyst,1135
Navitas Capital,1135
DST Global,1136
General Catalyst,1136
Monashees+,1136
RRE Ventures+,1137
Highland Capital Partners,1137
The Carlyle Group,1137
Andreessen Horowitz,1138
Intel Capital,1138
Foundation Capital,1138
Advent International,1139
Bain Capital Ventures,1139
Silversmith Capital Partners,1139
KKR,1140
FTV Capital,1140
Ten Eleven Ventures,1140
Prysm Capital,1141
Baillie Gifford & Co.,1141
TDM Growth Partners,1141
Danone Manifesto Ventures,1142
1955 Capital,1142
Breakthrough Energy Ventures,1142
NewAlpha,1143
XAnge Private Equity,1143
Tencent Holdings,1143
Cherry Ventures,1144
Felix Capital,1144
83North,1144
Andreessen Horowitz,1145
Triangle Peak Partners,1145
Ignition Partners,1145
Thrive Capital,1146
General Catalyst,1146
Coatue Management,1146
Insight Partners,1147
Lightspeed Venture Partners,1147
CyberStarts,1147
Alpargatas,1148
GS Growth,1148
Lightspeed Venture Partners,1148
Vostok New Ventures,1149
The Raine Group,1149
Balderton Capital,1149
Qualcomm Ventures,1150
Nine Intelligence Capital,1150
Hillhouse Capital Management,1150
Horizons Ventures,1151
Sequoia Capital India,1151
Alpha JWC Ventures,1151
Atomico,1152
Hanaco Venture Capital,1152
TriplePoint Capital,1152
Temasek,1153
Guggenheim Investments,1153
Qatar Investment Authority,1153
TPG Capital,1154
Apax Partners,1154
TA Associates,1154
Vista Equity Partners,1155
Warburg Pincus,1155
First Ascent Ventures,1155
Fifth Wall Ventures,1156
JBV Capital,1156
Array Ventures,1156
AWZ Ventures,1157
Blackstone,1157
Insight Partners,1157
Lightspeed India Partners,1158
Sequoia Capital India,1158
Endiya Partners,1158
General Catalyst,1159
Nexus Venture Partners,1159
Dell Technologies Capital,1159
Next Play Ventures,1160
Zeal Capital Partners,1160
SoftBank Group,1160
QED Investors,1161
DST Global,1161
Endeavor,1161
Multicoin Capital,1162
Coatue Management,1162
Dragonfly Capital Partners,1162
Atomico,1163
NGP Capital,1163
Google Ventures,1163
Earlybird Venture Capital,1164
Eleven Ventures,1164
QED Investors,1164
Kleiner Perkins Caufield & Byers,1165
Sequoia Capital,1165
Lemniscap VC,1166
North Island Ventures,1166
Polychain Capital,1166
Battery Ventures,1167
Tiger Global Management,1167
Hanaco Ventures,1167
Nexus Venture Partners,1168
Vertex Ventures,1168
STRIVE,1168
New Enterprise Associates,1169
Benchmark,1169
Two Sigma Ventures,1169
Fasanara Capital,1170
Tiger Global Management,1170
Baleen Capital,1170
U.S. Venture Partners,1171
dRx Capital,1171
Andreessen Horowitz,1171
8VC,1172
Liberty Strategic Capital,1172
Eden Global Partners,1172
Zeev Ventures,1173
BOND,1173
Fifth Wall Ventures,1173
Craft Ventures,1174
F-Prime Capital,1174
Sound Ventures,1174
Polychain Capital,1175
Paradigm,1175
Ribbit Capital,1175
Andreessen Horowitz,1176
Coinbase Ventures,1176
Tiger Global Management,1176
Wildcat Capital Management,1177
Insight Partners,1177
Tola Capital,1177
Trinity Ventures,1178
Madrona Venture Group,1178
Shasta Ventures,1178
Green Bay Ventures,1179
M12,1179
Andreessen Horowitz,1179
Prime Movers Lab,1180
Khosla Ventures,1180
I Squared Capital,1180
L Catterton,1181
Trellis Partners,1181
Vista Equity Partners,1181
Primary Venture Partners,1182
Bessemer Venture Partners,1182
Harmonic Growth Partners,1182
Andreessen Horowitz,1183
FTX Ventures,1183
Tiger Global Management,1183
Japan Industrial Partners,1184
Impact Investment Capital,1184
NEC,1184
Varengold Bank,1185
Circularity Capital,1185
Coparion,1185
New Enterprise Associates,1186
Tull Investment Group,1186
Silver Lake,1186
Emergence Capital,1187
Slack Fund,1187
PayPal Ventures,1187
iSeed Ventures,1188
Point Nine Capital,1188
Buckley Ventures,1188
Battery Ventures,1189
Adams Street Partners,1189
Coatue Management,1189
K Fund,1190
Creandum,1190
CRV,1190
Hedosophia,1191
Horizons Ventures,1191
Alumni Ventures Group,1191
Valar Ventures,1192
Index Ventures,1192
Creandum,1192
3one4 Capital Partners,1193
Tiger Global Management,1193
Temasek,1193
AMF Pensionsforsakring,1194
Sinar Mas Digital Ventures,1195
JIC Venture Growth Investments,1195
Golden Gate Ventures,1195
Spark Capital,1196
Homebrew,1197
Inspired Capital,1197
Tiger Global Management,1197
General Catalyst,1198
Kleiner Perkins Caufield & Byers,1198
Lightspeed Venture Partners,1198
Bain Capital Ventures,1199
Splunk Ventures,1199
Cisco Investments,1199
DFJ Growth Fund,1200
Dell Technologies Capital,1200
Ten Eleven Ventures,1200
Bain Capital Ventures,1201
Splunk Ventures,1201
Cisco Investments,1201
Battery Ventures,1202
Bessemer Venture Partners,1202
MoreVC,1202
Gaja Capital Partners,1203
Stakeboat Capital,1203
WestBridge Capital,1203
Hyde Park Venture Partners,1204
Bain Capital Ventures,1204
Hyde Park Angels,1204
Eclipse Ventures,1205
D1 Capital Partners,1205
Industry Ventures,1205
Google Ventures,1206
Accel,1206
Data Collective,1206
Boost VC,1207
Draper Associates,1207
Gaingels,1207
